{
    "rmse": 0.7047636105142976,
    "mae": 0.5572594061659281,
    "r2": 0.23526323893779
}